
DROP TABLE IF EXISTS `product_category`;
/*!40101 SET @saved_cs_client     = @@character_set_client */;
/*!50503 SET character_set_client = utf8mb4 */;
CREATE TABLE `product_category` (
  `id` bigint NOT NULL AUTO_INCREMENT,
  `category_name` varchar(255) DEFAULT NULL,
  PRIMARY KEY (`id`)
) ENGINE=InnoDB AUTO_INCREMENT=9 DEFAULT CHARSET=utf8mb4 COLLATE=utf8mb4_unicode_ci;

/*!40101 SET character_set_client = @saved_cs_client */;

--
-- Dumping data for table `product_category`
--


/*!40000 ALTER TABLE `product_category` DISABLE KEYS */;
INSERT INTO `product_category` VALUES (1,'BOOKS'),(2,'FIGURES');



DROP TABLE IF EXISTS `countries`;
/*!40101 SET @saved_cs_client     = @@character_set_client */;
/*!50503 SET character_set_client = utf8mb4 */;
CREATE TABLE `countries` (
  `id` int NOT NULL AUTO_INCREMENT,
  `name` varchar(255) DEFAULT NULL,
  PRIMARY KEY (`id`)
) ENGINE=InnoDB AUTO_INCREMENT=251 DEFAULT CHARSET=utf8mb4 COLLATE=utf8mb4_unicode_ci;
/*!40101 SET character_set_client = @saved_cs_client */;

--
-- Dumping data for table `countries`
--

/*!40000 ALTER TABLE `countries` DISABLE KEYS */;
INSERT INTO `countries` VALUES (11,'Argentina'),(109,'Japan'),(156,'Netherlands'),(158,'New Zealand'),(204,'South Africa'),(207,'Spain'),(213,'Sweden'),(231,'United Arab Emirates'),(232,'United Kingdom'),(233,'United States'),(235,'Uruguay'),(240,'Vietnam');


DROP TABLE IF EXISTS `product`;
/*!40101 SET @saved_cs_client     = @@character_set_client */;
/*!50503 SET character_set_client = utf8mb4 */;
CREATE TABLE `product` (
  `id` bigint NOT NULL AUTO_INCREMENT,
  `sku` varchar(255) DEFAULT NULL,
  `name` varchar(255) DEFAULT NULL,
  `description` varchar(255) DEFAULT NULL,
  `unit_price` decimal(38,2) DEFAULT NULL,
  `image_url` varchar(255) DEFAULT NULL,
  `active` bit(1) DEFAULT b'1',
  `units_in_stock` int DEFAULT NULL,
  `date_created` datetime(6) DEFAULT NULL,
  `last_updated` datetime(6) DEFAULT NULL,
  `category_id` bigint NOT NULL,
  PRIMARY KEY (`id`),
  KEY `fk_category` (`category_id`),
  CONSTRAINT `fk_category` FOREIGN KEY (`category_id`) REFERENCES `product_category` (`id`)
) ENGINE=InnoDB AUTO_INCREMENT=112 DEFAULT CHARSET=utf8mb4 COLLATE=utf8mb4_unicode_ci;
/*!40101 SET character_set_client = @saved_cs_client */;

--
-- Dumping data for table `product`
--


/*!40000 ALTER TABLE `product` DISABLE KEYS */;
INSERT INTO `product` VALUES (1,'BOOK-TECH-1000','Blue Box vol.4','Blue Box',9.99,'https://m.media-amazon.com/images/I/51dS8NnA+AL._SX331_BO1,204,203,200_.jpg',_binary '',100,'2023-09-06 17:17:55.000000',NULL,1),(2,'BOOK-TECH-1001','Slam Dunk vol.7','Slam Dunk',9.99,'https://m.media-amazon.com/images/I/81-LCJGW7EL._AC_UL400_.jpg',_binary '',100,'2023-09-06 17:17:55.000000',NULL,1),(3,'BOOK-TECH-1002','Jujutsu Kaisen vol.1','Jujutsu Kaisen',7.98,'https://m.media-amazon.com/images/I/71PBZJaSmAL._AC_UL400_.jpg',_binary '',100,'2023-09-06 17:17:55.000000',NULL,1),(4,'BOOK-TECH-1003','Goobye Eri','Goodbye Eri',11.69,'https://m.media-amazon.com/images/I/71fgXFnzayL._AC_UL400_.jpg',_binary '',100,'2023-09-06 17:17:55.000000',NULL,1),(5,'BOOK-TECH-1004','Akane-banashi vol.1','Akane-banashi',9.99,'https://m.media-amazon.com/images/I/81dpQGga2nL._AC_UL400_.jpg',_binary '',100,'2023-09-06 17:17:55.000000',NULL,1),(6,'BOOK-TECH-1005','Zetman vol.9 ','Zetman',20.00,'https://m.media-amazon.com/images/I/51w48gMOpqL._SX347_BO1,204,203,200_.jpg',_binary '',100,'2023-09-09 13:28:25.148000',NULL,1),(7,'BOOK-TECH-1006','Dragon Ball Z - Son Goku (Crash! Battle for The Universe)','Goku',60.00,'/assets/images/products/f1.png',_binary '',100,'2023-09-09 13:28:25.148000',NULL,2),(8,'BOOK-TECH-1007','Slam Dunk - One and Only Hanamichi Sakuragi','Hanamichi',93.94,'/assets/images/products/f2.png',_binary '',100,'2023-09-09 13:28:25.148000',NULL,2),(10,'BOOK-TECH-1008',' Dragon Ball Z - Majin Buu (Vs Omnibus Beast)','Buu',89.99,'assets/images/products/f3.png',_binary '',100,'2023-09-09 13:28:25.148000','2023-09-09 13:28:25.148000',2),(11,'BOOK-TECH-1009','Hunter x Hunter: Killua Zaoldyeck Pop Up Parade','Killua',31.99,'assets/images/products/f4.png',_binary '',100,'2023-09-09 13:28:25.178000','2023-09-09 13:28:25.178000',2),(12,'BOOK-TECH-10010','Bleach: Soul Entered Model-Ichigo Kurosaki','Ichigo',17.74,'assets/images/products/f5.png',_binary '',100,'2023-09-09 13:28:25.186000','2023-09-09 13:28:25.186000',2),(13,'BOOK-TECH-10011','Kaguya-Sama: Love is War - Krunites Kaguya Shinomiya','Kaguya',19.95,'assets/images/products/f6.png',_binary '',100,'2023-09-09 13:28:25.192000','2023-09-09 13:28:25.192000',2),(14,'BOOK-TECH-10012','Spy x Family: Yor Forger Premium Figure Thorn Princess','Yor',31.95,'assets/images/products/f7.png',_binary '',100,'2023-09-09 13:28:25.199000','2023-09-09 13:28:25.199000',2),(15,'BOOK-TECH-10013','My Hero Academia - Izuku Midoriya B (Will)','Midoriya',60.00,'assets/images/products/f8.png',_binary '',100,'2023-09-09 13:28:25.206000','2023-09-09 13:28:25.206000',2),(16,'BOOK-TECH-10014','Re:Zero -Starting Life in Another World- Rem (Military Ver.)','Rem',259.99,'assets/images/products/f9.png',_binary '',100,'2023-09-09 13:28:25.213000','2023-09-09 13:28:25.213000',2),(17,'BOOK-TECH-10015','Monkey.D.Luffy -The Raid on Onigashima','Luffy',34.96,'assets/images/products/f10.png',_binary '',100,'2023-09-09 13:28:25.220000','2023-09-09 13:28:25.220000',2),(18,'BOOK-TECH-10016','Roronoa Zoro The Raid On Onigashima','Zoro',67.99,'assets/images/products/f11.png',_binary '',100,'2023-09-09 13:28:25.226000','2023-09-09 13:28:25.226000',2),(19,'BOOK-TECH-10017','Reincarnated as a Slime, Shion','Shion',46.40,'assets/images/products/f12.png',_binary '',100,'2023-09-09 13:28:25.232000','2023-09-09 13:28:25.232000',2),(20,'BOOK-TECH-10018','Jigokuraku vol.10','Jigokuraku',12.99,'https://m.media-amazon.com/images/I/810M3riMHvL._AC_UY218_.jpg',_binary '',100,'2023-09-09 13:28:25.239000','2023-09-09 13:28:25.239000',1),(21,'BOOK-TECH-10019','Chainsawman vol.4','Chainsawman',9.99,'https://m.media-amazon.com/images/I/81LNUVbUk4L._AC_UL400_.jpg',_binary '',100,'2023-09-09 13:28:25.245000','2023-09-09 13:28:25.245000',1),(22,'BOOK-TECH-10020','Bleach vol.57','Bleach',9.99,'https://m.media-amazon.com/images/I/71wrrAFlKzL._AC_UL400_.jpg',_binary '',100,'2023-09-09 13:28:25.251000','2023-09-09 13:28:25.251000',1),(23,'BOOK-TECH-10021','Dragon Ball Super vol.18','Dragon Ball Super',9.99,'https://m.media-amazon.com/images/I/81zS5yuP2mL._AC_UL400_.jpg',_binary '',100,'2023-09-09 13:28:25.259000','2023-09-09 13:28:25.259000',1),(24,'BOOK-TECH-10022','JoJo\'s Bizarre Adventure: Part 5--Golden Wind vol. 8','Jojo Part 5',15.30,'https://m.media-amazon.com/images/I/81uj1Y9qXzL._AC_UL400_.jpg',_binary '',100,'2023-09-09 13:28:25.265000','2023-09-09 13:28:25.265000',1),(25,'BOOK-TECH-10023','One Punch Man vol.26','One Punch Man',8.96,'https://m.media-amazon.com/images/I/81vrRWv6tSL._AC_UL400_.jpg',_binary '',100,'2023-09-09 13:28:25.271000','2023-09-09 13:28:25.271000',1);


DROP TABLE IF EXISTS `states`;
/*!40101 SET @saved_cs_client     = @@character_set_client */;
/*!50503 SET character_set_client = utf8mb4 */;
CREATE TABLE `states` (
  `id` int NOT NULL AUTO_INCREMENT,
  `name` varchar(255) DEFAULT NULL,
  `country_id` int DEFAULT NULL,
  PRIMARY KEY (`id`),
  KEY `FKskkdphjml9vjlrqn4m5hi251y` (`country_id`),
  CONSTRAINT `FKskkdphjml9vjlrqn4m5hi251y` FOREIGN KEY (`country_id`) REFERENCES `countries` (`id`)
) ENGINE=InnoDB AUTO_INCREMENT=5225 DEFAULT CHARSET=utf8mb4 COLLATE=utf8mb4_0900_ai_ci;
/*!40101 SET character_set_client = @saved_cs_client */;

--
-- Dumping data for table `states`
--



INSERT INTO `states` VALUES (820,'Okayama Prefecture',109),(821,'Chiba Prefecture',109),(822,'Ōita Prefecture',109),(823,'Tokyo',109),(824,'Nara Prefecture',109),(825,'Shizuoka Prefecture',109),(826,'Shimane Prefecture',109),(827,'Aichi Prefecture',109),(828,'Hiroshima Prefecture',109),(829,'Akita Prefecture',109),(830,'Ishikawa Prefecture',109),(831,'Hyōgo Prefecture',109),(832,'Hokkaidō Prefecture',109),(833,'Mie Prefecture',109),(834,'Kyōto Prefecture',109),(835,'Yamaguchi Prefecture',109),(836,'Tokushima Prefecture',109),(837,'Yamagata Prefecture',109),(838,'Toyama Prefecture',109),(839,'Aomori Prefecture',109),(840,'Kagoshima Prefecture',109),(841,'Niigata Prefecture',109),(842,'Kanagawa Prefecture',109),(843,'Nagano Prefecture',109),(844,'Wakayama Prefecture',109),(845,'Shiga Prefecture',109),(846,'Kumamoto Prefecture',109),(847,'Fukushima Prefecture',109),(848,'Fukui Prefecture',109),(849,'Nagasaki Prefecture',109),(850,'Tottori Prefecture',109),(851,'Ibaraki Prefecture',109),(852,'Yamanashi Prefecture',109),(853,'Okinawa Prefecture',109),(854,'Tochigi Prefecture',109),(855,'Miyazaki Prefecture',109),(856,'Iwate Prefecture',109),(857,'Miyagi Prefecture',109),(858,'Gifu Prefecture',109),(859,'Ōsaka Prefecture',109),(860,'Saitama Prefecture',109),(861,'Fukuoka Prefecture',109),(862,'Gunma Prefecture',109),(863,'Saga Prefecture',109),(864,'Kagawa Prefecture',109),(865,'Ehime Prefecture',109),(931,'Northern Cape',204),(932,'Free State',204),(933,'Limpopo',204),(934,'North West',204),(935,'KwaZulu-Natal',204),(936,'Gauteng',204),(937,'Mpumalanga',204),(938,'Eastern Cape',204),(939,'Western Cape',204),(1146,'Burgos',207),(1147,'Salamanca',207),(1157,'Palencia',207),(1158,'Madrid',207),(1160,'Asturias',207),(1161,'Zamora',207),(1167,'Pontevedra',207),(1170,'Cantabria',207),(1171,'La Rioja',207),(1174,'Islas Baleares',207),(1175,'Valencia',207),(1176,'Murcia',207),(1177,'Huesca',207),(1183,'Valladolid',207),(1185,'Las Palmas',207),(1189,'Ávila',207),(1190,'Caceres',207),(1191,'Gipuzkoa',207),(1192,'Segovia',207),(1193,'Sevilla',207),(1200,'Léon',207),(1203,'Tarragona',207),(1204,'Navarra',207),(1205,'Toledo',207),(1208,'Soria',207),(1398,'Howland Island',233),(1399,'Delaware',233),(1400,'Alaska',233),(1401,'Maryland',233),(1402,'Baker Island',233),(1403,'Kingman Reef',233),(1404,'New Hampshire',233),(1405,'Wake Island',233),(1406,'Kansas',233),(1407,'Texas',233),(1408,'Nebraska',233),(1409,'Vermont',233),(1410,'Jarvis Island',233),(1411,'Hawaii',233),(1412,'Guam',233),(1413,'United States Virgin Islands',233),(1414,'Utah',233),(1415,'Oregon',233),(1416,'California',233),(1417,'New Jersey',233),(1418,'North Dakota',233),(1419,'Kentucky',233),(1420,'Minnesota',233),(1421,'Oklahoma',233),(1422,'Pennsylvania',233),(1423,'New Mexico',233),(1424,'American Samoa',233),(1425,'Illinois',233),(1426,'Michigan',233),(1427,'Virginia',233),(1428,'Johnston Atoll',233),(1429,'West Virginia',233),(1430,'Mississippi',233),(1431,'Northern Mariana Islands',233),(1432,'United States Minor Outlying Islands',233),(1433,'Massachusetts',233),(1434,'Arizona',233),(1435,'Connecticut',233),(1436,'Florida',233),(1437,'District of Columbia',233),(1438,'Midway Atoll',233),(1439,'Navassa Island',233),(1440,'Indiana',233),(1441,'Wisconsin',233),(1442,'Wyoming',233),(1443,'South Carolina',233),(1444,'Arkansas',233),(1445,'South Dakota',233),(1446,'Montana',233),(1447,'North Carolina',233),(1448,'Palmyra Atoll',233),(1449,'Puerto Rico',233),(1450,'Colorado',233),(1451,'Missouri',233),(1452,'New York',233),(1453,'Maine',233),(1454,'Tennessee',233),(1455,'Georgia',233),(1456,'Alabama',233),(1457,'Louisiana',233),(1458,'Nevada',233),(1459,'Iowa',233),(1460,'Idaho',233),(1461,'Rhode Island',233),(1462,'Washington',233),(1533,'Gävleborg County',213),(1534,'Dalarna County',213),(1535,'Värmland County',213),(1536,'Östergötland County',213),(1537,'Blekinge',213),(1538,'Norrbotten County',213),(1539,'Örebro County',213),(1540,'Södermanland County',213),(1541,'Skåne County',213),(1542,'Kronoberg County',213),(1543,'Västerbotten County',213),(1544,'Kalmar County',213),(1545,'Uppsala County',213),(1546,'Gotland County',213),(1547,'Västra Götaland County',213),(1548,'Halland County',213),(1549,'Västmanland County',213),(1550,'Jönköping County',213),(1551,'Stockholm County',213),(1552,'Västernorrland County',213),(2289,'Isle of Wight',232),(2290,'St Helens',232),(2291,'London Borough of Brent',232),(2292,'Walsall',232),(2293,'Trafford',232),(2294,'City of Southampton',232),(2295,'Sheffield',232),(2296,'West Sussex',232),(2297,'City of Peterborough',232),(2298,'Caerphilly County Borough',232),(2299,'Vale of Glamorgan',232),(2300,'Shetland Islands',232),(2301,'Rhondda Cynon Taf',232),(2302,'Poole',232),(2303,'Central Bedfordshire',232),(2304,'Down District Council',232),(2305,'City of Portsmouth',232),(2306,'London Borough of Haringey',232),(2307,'London Borough of Bexley',232),(2308,'Rotherham',232),(2309,'Hartlepool',232),(2310,'Telford and Wrekin',232),(2311,'Belfast district',232),(2312,'Cornwall',232),(2313,'London Borough of Sutton',232),(2314,'Omagh District Council',232),(2315,'Banbridge',232),(2316,'Causeway Coast and Glens',232),(2317,'Newtownabbey Borough Council',232),(2318,'City of Leicester',232),(2319,'London Borough of Islington',232),(2320,'Metropolitan Borough of Wigan',232),(2321,'Oxfordshire',232),(2322,'Magherafelt District Council',232),(2323,'Southend-on-Sea',232),(2324,'Armagh, Banbridge and Craigavon',232),(2325,'Perth and Kinross',232),(2326,'London Borough of Waltham Forest',232),(2327,'Rochdale',232),(2328,'Merthyr Tydfil County Borough',232),(2329,'Blackburn with Darwen',232),(2330,'Knowsley',232),(2331,'Armagh City and District Council',232),(2332,'Middlesbrough',232),(2333,'East Renfrewshire',232),(2334,'Cumbria',232),(2335,'Scotland',232),(2336,'England',232),(2337,'Northern Ireland',232),(2338,'Wales',232),(2339,'Bath and North East Somerset',232),(2340,'Liverpool',232),(2341,'Sandwell',232),(2342,'Bournemouth',232),(2343,'Isles of Scilly',232),(2344,'Falkirk',232),(2345,'Dorset',232),(2346,'Scottish Borders',232),(2347,'London Borough of Havering',232),(2348,'Moyle District Council',232),(2349,'London Borough of Camden',232),(2350,'Newry and Mourne District Council',232),(2351,'Neath Port Talbot County Borough',232),(2352,'Conwy County Borough',232),(2353,'Outer Hebrides',232),(2354,'West Lothian',232),(2355,'Lincolnshire',232),(2356,'London Borough of Barking and Dagenham',232),(2357,'City of Westminster',232),(2358,'London Borough of Lewisham',232),(2359,'City of Nottingham',232),(2360,'Moray',232),(2361,'Ballymoney',232),(2362,'South Lanarkshire',232),(2363,'Ballymena Borough',232),(2364,'Doncaster',232),(2365,'Northumberland',232),(2366,'Fermanagh and Omagh',232),(2367,'Tameside',232),(2368,'Royal Borough of Kensington and Chelsea',232),(2369,'Hertfordshire',232),(2370,'East Riding of Yorkshire',232),(2371,'Kirklees',232),(2372,'City of Sunderland',232),(2373,'Gloucestershire',232),(2374,'East Ayrshire',232),(2375,'United Kingdom',232),(2376,'London Borough of Hillingdon',232),(2377,'South Ayrshire',232),(2378,'Ascension Island',232),(2379,'Gwynedd',232),(2380,'London Borough of Hounslow',232),(2381,'Medway',232),(2382,'Limavady Borough Council',232),(2383,'Highland',232),(2384,'North East Lincolnshire',232),(2385,'London Borough of Harrow',232),(2386,'Somerset',232),(2387,'Angus',232),(2388,'Inverclyde',232),(2389,'Darlington',232),(2390,'London Borough of Tower Hamlets',232),(2391,'Wiltshire',232),(2392,'Argyll and Bute',232),(2393,'Strabane District Council',232),(2394,'Stockport',232),(2395,'Brighton and Hove',232),(2396,'London Borough of Lambeth',232),(2397,'London Borough of Redbridge',232),(2398,'Manchester',232),(2399,'Mid Ulster',232),(2400,'South Gloucestershire',232),(2401,'Aberdeenshire',232),(2402,'Monmouthshire',232),(2403,'Derbyshire',232),(2404,'Glasgow',232),(2405,'Buckinghamshire',232),(2406,'County Durham',232),(2407,'Shropshire',232),(2408,'Wirral',232),(2409,'South Tyneside',232),(2410,'Essex',232),(2411,'London Borough of Hackney',232),(2412,'Antrim and Newtownabbey',232),(2413,'City of Bristol',232),(2414,'East Sussex',232),(2415,'Dumfries and Galloway',232),(2416,'Milton Keynes',232),(2417,'Derry City Council',232),(2418,'London Borough of Newham',232),(2419,'Wokingham',232),(2420,'Warrington',232),(2421,'Stockton-on-Tees',232),(2422,'Swindon',232),(2423,'Cambridgeshire',232),(2424,'City of London',232),(2425,'Birmingham',232),(2426,'City of York',232),(2427,'Slough',232),(2428,'Edinburgh',232),(2429,'Mid and East Antrim',232),(2430,'North Somerset',232),(2431,'Gateshead',232),(2432,'London Borough of Southwark',232),(2433,'City and County of Swansea',232),(2434,'London Borough of Wandsworth',232),(2435,'Hampshire',232),(2436,'Wrexham County Borough',232),(2437,'Flintshire',232),(2438,'Coventry',232),(2439,'Carrickfergus Borough Council',232),(2440,'West Dunbartonshire',232),(2441,'Powys',232),(2442,'Cheshire West and Chester',232),(2443,'Renfrewshire',232),(2444,'Cheshire East',232),(2445,'Cookstown District Council',232),(2446,'Derry City and Strabane',232),(2447,'Staffordshire',232),(2448,'London Borough of Hammersmith and Fulham',232),(2449,'Craigavon Borough Council',232),(2450,'Clackmannanshire',232),(2451,'Blackpool',232),(2452,'Bridgend County Borough',232),(2453,'North Lincolnshire',232),(2454,'East Dunbartonshire',232),(2455,'Reading',232),(2456,'Nottinghamshire',232),(2457,'Dudley',232),(2458,'Newcastle upon Tyne',232),(2459,'Bury',232),(2460,'Lisburn and Castlereagh',232),(2461,'Coleraine Borough Council',232),(2462,'East Lothian',232),(2463,'Aberdeen',232),(2464,'Kent',232),(2465,'Wakefield',232),(2466,'Halton',232),(2467,'Suffolk',232),(2468,'Thurrock',232),(2469,'Solihull',232),(2470,'Bracknell Forest',232),(2471,'West Berkshire',232),(2472,'Rutland',232),(2473,'Norfolk',232),(2474,'Orkney Islands',232),(2475,'City of Kingston upon Hull',232),(2476,'London Borough of Enfield',232),(2477,'Oldham',232),(2478,'Torbay',232),(2479,'Fife',232),(2480,'Northamptonshire',232),(2481,'Royal Borough of Kingston upon Thames',232),(2482,'Windsor and Maidenhead',232),(2483,'London Borough of Merton',232),(2484,'Carmarthenshire',232),(2485,'City of Derby',232),(2486,'Pembrokeshire',232),(2487,'North Lanarkshire',232),(2488,'Stirling',232),(2489,'City of Wolverhampton',232),(2490,'London Borough of Bromley',232),(2491,'Devon',232),(2492,'Royal Borough of Greenwich',232),(2493,'Salford',232),(2494,'Lisburn City Council',232),(2495,'Lancashire',232),(2496,'Torfaen',232),(2497,'Denbighshire',232),(2498,'Ards',232),(2499,'Barnsley',232),(2500,'Herefordshire',232),(2501,'London Borough of Richmond upon Thames',232),(2502,'Saint Helena',232),(2503,'Leeds',232),(2504,'Bolton',232),(2505,'Warwickshire',232),(2506,'City of Stoke-on-Trent',232),(2507,'Bedford',232),(2508,'Dungannon and South Tyrone Borough Council',232),(2509,'Ceredigion',232),(2510,'Worcestershire',232),(2511,'Dundee',232),(2512,'London Borough of Croydon',232),(2513,'North Down Borough Council',232),(2514,'City of Plymouth',232),(2515,'Larne Borough Council',232),(2516,'Leicestershire',232),(2517,'Calderdale',232),(2518,'Sefton',232),(2519,'Midlothian',232),(2520,'London Borough of Barnet',232),(2521,'North Tyneside',232),(2522,'North Yorkshire',232),(2523,'Ards and North Down',232),(2524,'Newport',232),(2525,'Castlereagh',232),(2526,'Surrey',232),(2527,'Redcar and Cleveland',232),(2528,'City and County of Cardiff',232),(2529,'Bradford',232),(2530,'Blaenau Gwent County Borough',232),(2531,'Fermanagh District Council',232),(2532,'London Borough of Ealing',232),(2533,'Antrim',232),(2534,'Newry, Mourne and Down',232),(2535,'North Ayrshire',232),(2610,'Utrecht',156),(2611,'Gelderland',156),(2612,'North Holland',156),(2613,'Drenthe',156),(2614,'South Holland',156),(2615,'Limburg',156),(2616,'Sint Eustatius',156),(2617,'Groningen',156),(2618,'Overijssel',156),(2619,'Flevoland',156),(2620,'Zeeland',156),(2621,'Saba',156),(2622,'Friesland',156),(2623,'North Brabant',156),(2624,'Bonaire',156),(3203,'Flores',235),(3204,'San José',235),(3205,'Artigas',235),(3206,'Maldonado',235),(3207,'Rivera',235),(3208,'Colonia',235),(3209,'Durazno',235),(3210,'Río Negro',235),(3211,'Cerro Largo',235),(3212,'Paysandú',235),(3213,'Canelones',235),(3214,'Treinta y Tres',235),(3215,'Lavalleja',235),(3216,'Rocha',235),(3217,'Florida',235),(3218,'Montevideo',235),(3219,'Soriano',235),(3220,'Salto',235),(3221,'Tacuarembó',235),(3390,'Sharjah Emirate',231),(3391,'Dubai',231),(3392,'Umm al-Quwain',231),(3393,'Fujairah',231),(3394,'Ras al-Khaimah',231),(3395,'Ajman Emirate',231),(3396,'Abu Dhabi Emirate',231),(3634,'San Juan',11),(3635,'Santiago del Estero',11),(3636,'San Luis',11),(3637,'Tucumán',11),(3638,'Corrientes',11),(3639,'Río Negro',11),(3640,'Chaco',11),(3641,'Santa Fe',11),(3642,'Córdoba',11),(3643,'Salta',11),(3644,'Misiones',11),(3645,'Jujuy',11),(3646,'Mendoza',11),(3647,'Catamarca',11),(3648,'Neuquén',11),(3649,'Santa Cruz',11),(3650,'Tierra del Fuego',11),(3651,'Chubut',11),(3652,'Formosa',11),(3653,'La Rioja',11),(3654,'Entre Ríos',11),(3655,'La Pampa',11),(3656,'Buenos Aires',11),(3768,'Hưng Yên',240),(3769,'Đồng Tháp',240),(3770,'Bà Rịa-Vũng Tàu',240),(3771,'Thanh Hóa',240),(3772,'Kon Tum',240),(3773,'Điện Biên',240),(3774,'Vĩnh Phúc',240),(3775,'Thái Bình',240),(3776,'Quảng Nam',240),(3777,'Hậu Giang',240),(3778,'Cà Mau',240),(3779,'Hà Giang',240),(3780,'Nghệ An',240),(3781,'Tiền Giang',240),(3782,'Cao Bằng',240),(3783,'Hải Phòng',240),(3784,'Yên Bái',240),(3785,'Bình Dương',240),(3786,'Ninh Bình',240),(3787,'Bình Thuận',240),(3788,'Ninh Thuận',240),(3789,'Nam Định',240),(3790,'Vĩnh Long',240),(3791,'Bắc Ninh',240),(3792,'Lạng Sơn',240),(3793,'Khánh Hòa',240),(3794,'An Giang',240),(3795,'Tuyên Quang',240),(3796,'Bến Tre',240),(3797,'Bình Phước',240),(3798,'Thừa Thiên-Huế',240),(3799,'Hòa Bình',240),(3800,'Kiên Giang',240),(3801,'Phú Thọ',240),(3802,'Hà Nam',240),(3803,'Quảng Trị',240),(3804,'Bạc Liêu',240),(3805,'Trà Vinh',240),(3806,'Đà Nẵng',240),(3807,'Thái Nguyên',240),(3808,'Long An',240),(3809,'Quảng Bình',240),(3810,'Hà Nội',240),(3811,'Hồ Chí Minh',240),(3812,'Sơn La',240),(3813,'Gia Lai',240),(3814,'Quảng Ninh',240),(3815,'Bắc Giang',240),(3816,'Hà Tĩnh',240),(3817,'Lào Cai',240),(3818,'Lâm Đồng',240),(3819,'Sóc Trăng',240),(3821,'Đồng Nai',240),(3822,'Bắc Kạn',240),(3823,'Đắk Nông',240),(3824,'Phú Yên',240),(3825,'Lai Châu',240),(3826,'Tây Ninh',240),(3827,'Hải Dương',240),(3828,'Quảng Ngãi',240),(3829,'Đắk Lắk',240),(3830,'Bình Định',240),(4059,'Northland Region',158),(4060,'Manawatu-Wanganui Region',158),(4061,'Waikato Region',158),(4062,'Otago Region',158),(4063,'Marlborough Region',158),(4064,'West Coast Region',158),(4065,'Wellington Region',158),(4066,'Canterbury Region',158),(4067,'Chatham Islands',158),(4068,'Gisborne District',158),(4069,'Taranaki Region',158),(4070,'Nelson Region',158),(4071,'Southland Region',158),(4072,'Auckland Region',158),(4073,'Tasman District',158),(4074,'Bay of Plenty Region',158),(4075,'Hawke\'s Bay Region',158),(4851,'Ohio',233),(4880,'Ciudad Autónoma de Buenos Aires',11),(4924,'Kōchi Prefecture',109),(4925,'Cần Thơ',240),(5089,'A Coruña',207),(5090,'Lugo',207),(5091,'Ourense',207),(5092,'Badajoz',207),(5093,'Araba',207),(5094,'Bizkaia',207),(5095,'Almeria',207),(5096,'Cádiz',207),(5097,'Córdoba',207),(5098,'Granada',207),(5099,'Huelva',207),(5100,'Jaén',207),(5101,'Málaga',207),(5102,'Barcelona',207),(5103,'Girona',207),(5104,'Lleida',207),(5105,'Ciudad Real',207),(5106,'Cuenca',207),(5107,'Guadalajara',207),(5108,'Alicante',207),(5109,'Albacete',207),(5110,'Castellón',207),(5111,'Teruel',207),(5112,'Santa Cruz de Tenerife',207),(5113,'Zaragoza',207),(5117,'Jämtland County',213),(5222,'Canarias',207),(5223,'Ceuta',207),(5224,'Melilla',207);



